Framework,nDCG@10,Recall@10
Python BM25 (Baseline),0.7072679133492049,0.797
LangChain (BM25),0.656249635783744,0.725
RAGFlow (Hybrid),0.7356540359846524,0.812
txtai (Hybrid),0.7412962042560024,0.845
LlamaIndex (Hybrid),0.7756117662739693,0.861
SplatRag (BM25 Only),0.7694170026294066,0.909
SplatRag (Dense Only),0.6290864319145459,0.746
SplatRag (Hybrid),0.7821649398087963,0.909
SplatRag (Nuclear),0.7707509547216773,0.909
